element start	element end	element length	sequence	lLTR start	lLTR end	lLTR length	rLTR start	rLTR end	rLTR length	lTSD start	lTSD end	lTSD motif	rTSD start	rTSD end	rTSD motif	PPT start	PPT end	PPT motif	PPT strand	PPT offset	PBS start	PBS end	PBS strand	tRNA	tRNA motif	PBS offset	tRNA offset	PBS/tRNA edist	domain hit
859	6011	5153	scaffold16_size95689	859	1192	334	5673	6011	339	855	858	aacc	6012	6015	aacc														
105971	108252	2282	scaffold16_size95689	105971	106347	377	107897	108252	356	105967	105970	gaga	108253	108256	gaga	106353	106362	ggggaaagaa	-	6									
123502	132063	8562	scaffold16_size95689	123502	123708	207	131851	132063	213	123498	123501	taca	132064	132067	taca	123710	123719	aagagaagga	-	2									
247967	253271	5305	scaffold16_size95689	247967	248212	246	253028	253271	244	247963	247966	gctg	253272	253275	gctg														
709247	711263	2017	scaffold16_size95689	709247	710085	839	710441	711263	823	709243	709246	cagt	711264	711267	cagt	710461	710468	aggaggaa	+	27									
874060	876552	2493	scaffold16_size95689	874060	874915	856	875712	876552	841	874056	874059	acca	876553	876556	acca														
892206	899604	7399	scaffold16_size95689	892206	892480	275	899313	899604	292	892202	892205	cccg	899605	899608	cccg														
1145437	1147788	2352	scaffold16_size95689	1145437	1145779	343	1147446	1147788	343	1145433	1145436	gagc	1147789	1147792	gagc	1147431	1147455	gagggcgggggggatggggggggag	+	9									
1904919	1907558	2640	scaffold16_size95689	1904919	1905780	862	1906706	1907558	853	1904915	1904918	ctgc	1907559	1907562	ctgc														
1953385	1955089	1705	scaffold16_size95689	1953385	1953864	480	1954618	1955089	472	1953381	1953384	tttc	1955090	1955093	tttc	1953853	1953864	gtaaggaaaaaa	-	11									
